date,time,count
2026-09-27,14:54,180
2026-09-27,15:58,180
2026-09-27,16:55,181
2026-09-27,17:56,183
2026-09-27,18:54,188
2026-09-27,19:55,191
2026-09-27,20:54,193
2026-09-27,21:58,196
2026-09-27,22:55,198
2026-09-27,23:55,202
2026-09-28,00:55,202
2026-09-28,01:56,203
2026-09-28,02:55,208
2026-09-28,03:57,212
2026-09-28,04:54,213
2026-09-28,05:55,213
2026-09-28,06:56,216
2026-09-28,07:55,216
2026-09-28,08:55,217
2026-09-28,09:59,218
2026-09-28,10:56,218
2026-09-28,11:58,219
2026-09-28,12:58,220
2026-09-28,13:58,225
2026-09-28,14:57,232
2026-09-28,16:01,238
2026-09-28,16:59,240
2026-09-28,17:58,242
2026-09-28,18:59,244
2026-09-28,19:58,247
2026-09-28,20:57,253
2026-09-28,22:00,255
2026-09-28,23:00,260
2026-09-29,00:01,264
2026-09-29,00:59,267
2026-09-29,01:58,268
2026-09-29,02:57,269
2026-09-29,04:00,274
2026-09-29,04:57,274
2026-09-29,05:59,275
2026-09-29,06:56,277
